srcFile	scanNum	charge	PSMscore	peptide	modSites
151229-GBM_Set1_Phospho_HpH_F09.mgf	38081	4	6.667155E-14	MESEGGADDSAEEGDLLDDDDNEDRGDDQVK	0=15.995,9=79.966
151229-GBM_Set1_Phospho_HpH_F08.mgf	37893	4	2.4116147E-5	MESEGGADDSAEEGDLLDDDDNEDRGDDQVK	0=15.995,9=79.966
151229-GBM_Set1_Phospho_HpH_F03.mgf	17458	4	7.722097E-13	SSQESGEEAGSQENHPQESK	1=79.966
151229-GBM_Set1_Phospho_HpH_F12.mgf	18338	3	1.7021159E-5	GASPIRGTSGPPPHR	2=79.966
151229-GBM_Set1_Phospho_HpH_F03.mgf	43526	3	1.3919946E-5	TGSRDVIPMDALGPDGYSTVDQR	0=79.966,8=15.995
151229-GBM_Set1_Phospho_HpH_F03.mgf	41472	3	8.176867E-6	ASMSFSSQEVNALEQR	2=15.995,3=79.966
151229-GBM_Set1_Phospho_HpH_F05.mgf	16303	4	7.132444E-5	SSQESGEEAGSQENHPQESK	4=79.966
151229-GBM_Set1_Phospho_HpH_F12.mgf	31428	3	1.0831613E-12	GAPPSPEAGFATADHSGQER	4=79.966
151229-GBM_Set1_Phospho_HpH_F13.mgf	41091	4	8.805566E-13	QEEIDESDDDLDDKPSPVK	6=79.966
151229-GBM_Set1_Phospho_HpH_F13.mgf	26983	3	6.286618E-5	TSSSEDGSMGSFSEK	3=79.966,8=15.995
151229-GBM_Set1_Phospho_HpH_F12.mgf	23675	4	3.7493446E-5	DSEDVSERDSDKEMATK	9=79.966,13=15.995
151229-GBM_Set1_Phospho_HpH_F09.mgf	18045	4	5.1174768E-5	SSQESGEEAGSQENHPQESK	4=79.966,10=79.966
151229-GBM_Set1_Phospho_HpH_F03.mgf	34487	5	8.008306E-5	DQDDDAETGLTDGEEKEEPKEEEK	10=79.966
151229-GBM_Set1_Phospho_HpH_F06.mgf	45945	3	6.414292E-9	SSAGSLESNVEGSIISSPHMR	4=79.966,19=15.995
151229-GBM_Set1_Phospho_HpH_F11.mgf	17946	3	4.3938457E-9	GASPIRGTSGPPPHR	2=79.966
151229-GBM_Set1_Phospho_HpH_F02.mgf	32685	4	6.624235E-8	HPSSPSALRSPADPTDLGGQTSPR	2=79.966,9=79.966
151229-GBM_Set1_Phospho_HpH_F10.mgf	39889	3	4.587309E-6	FSKEEPVSSGPEEAAGK	1=79.966
151229-GBM_Set1_Phospho_HpH_F08.mgf	37966	5	1.9301386E-7	MESEGGADDSAEEGDLLDDDDNEDRGDDQVK	0=15.995,9=79.966
151229-GBM_Set1_Phospho_HpH_F09.mgf	38022	5	2.0817146E-9	MESEGGADDSAEEGDLLDDDDNEDRGDDQVK	0=15.995,9=79.966
151229-GBM_Set1_Phospho_HpH_F13.mgf	41482	4	4.80422E-5	QEEIDESDDDLDDKPSPVK	6=79.966
151229-GBM_Set1_Phospho_HpH_F02.mgf	17146	4	7.306452E-15	SSQESGEEAGSQENHPQESK	4=79.966,10=79.966
151229-GBM_Set1_Phospho_HpH_F17.mgf	34109	6	2.1598566E-10	TMKDQDDDAETGLTDGEEKEEPKEEEK	1=15.995,13=79.966
151229-GBM_Set1_Phospho_HpH_F15.mgf	17655	4	5.617373E-6	SSQESGEEAGSQENHPQESK	10=79.966
151229-GBM_Set1_Phospho_HpH_F13.mgf	41128	3	6.0235095E-10	QEEIDESDDDLDDKPSPVK	6=79.966
151229-GBM_Set1_Phospho_HpH_F06.mgf	17339	4	8.060882E-6	SSQESGEEAGSQENHPQESK	4=79.966
151229-GBM_Set1_Phospho_HpH_F09.mgf	38107	3	7.709866E-10	MESEGGADDSAEEGDLLDDDDNEDRGDDQVK	0=15.995,9=79.966
151229-GBM_Set1_Phospho_HpH_F11.mgf	31252	3	4.766585E-6	GAPPSPEAGFATADHSGQER	4=79.966
151229-GBM_Set1_Phospho_HpH_F15.mgf	35252	3	2.0166674E-7	SRSDVDMDPSSATAVLGPAR	2=79.966,6=15.995
151229-GBM_Set1_Phospho_HpH_F15.mgf	25661	5	8.626825E-5	AEDEENEKETAVSTEDDSHHK	12=79.966
151229-GBM_Set1_Phospho_HpH_F16.mgf	30014	3	7.579906E-5	EEPVSSGPEEAAGK	4=79.966
151229-GBM_Set1_Phospho_HpH_F17.mgf	34159	5	8.424518E-11	TMKDQDDDAETGLTDGEEKEEPKEEEK	1=15.995,13=79.966
